<manifest alg="2" build="2017.0.1.363" opt="true" iceEnabled="true" iceMarkupVersion="2" iceEnabledOptions="link,responsive,cachebuster" exportTarget="other" domain="ecolife.de.com" resolutions="1x" timestamp="1486561764364">
  <folder name="css">
    <file name="site_global.css" crc="443350757"/>
    <file name="master_a-master.css" crc="4124174969" ref="carcashome:designfurniture:statyatretya:index:sale:aboutcompani:statya1:furniture:statyavtoraya"/>
    <file name="carcashome.css" crc="208660028" ref="carcashome"/>
    <file name="designfurniture.css" crc="321818979" ref="designfurniture"/>
    <file name="statyatretya.css" crc="312785910" ref="statyatretya"/>
    <file name="index.css" crc="3824359320" ref="index"/>
    <file name="iefonts_index.css" crc="406991158" ref="index"/>
    <file name="sale.css" crc="4269241125" ref="sale"/>
    <file name="iefonts_sale.css" crc="256661889" ref="sale"/>
    <file name="aboutcompani.css" crc="218540911" ref="aboutcompani"/>
    <file name="statya1.css" crc="3991907156" ref="statya1"/>
    <file name="furniture.css" crc="4065953556" ref="furniture"/>
    <file name="iefonts_furniture.css" crc="50221989" ref="furniture"/>
    <file name="statyavtoraya.css" crc="4096906616" ref="statyavtoraya"/>
  </folder>
  <folder name="fonts">
    <file name="ftn85.woff" crc="4028784721"/>
    <file name="ftn85.eot" crc="4291469010"/>
    <file name="ftn85.svg" crc="3909118930"/>
    <file name="bigbossicon.woff" crc="331700122"/>
    <file name="bigbossicon.eot" crc="492749460"/>
    <file name="bigbossicon.svg" crc="4248078019"/>
  </folder>
  <folder name="assets">
    <file name="hover.css" crc="340338470" seo="true" mt="1478634594000"/>
    <file name="belcerkva.pdf" crc="96693247" seo="true" mt="1479049572000"/>
  </folder>
  <folder name="scripts">
    <file name="jquery-1.8.3.min.js" crc="209076791" ref="index:statya1:statyavtoraya:statyatretya:aboutcompani:furniture:sale:carcashome:designfurniture"/>
    <file name="museutils.js" crc="4148063285" ref="index:statya1:statyavtoraya:statyatretya:aboutcompani:furniture:sale:carcashome:designfurniture"/>
    <file name="whatinput.js" crc="86476730" ref="index:statya1:statyavtoraya:statyatretya:aboutcompani:furniture:sale:carcashome:designfurniture"/>
    <file name="museconfig.js" crc="4179431180" ref="index:statya1:statyavtoraya:statyatretya:aboutcompani:furniture:sale:carcashome:designfurniture"/>
    <file name="jquery.watch.js" crc="437028206" ref="index:statya1:statyavtoraya:statyatretya:aboutcompani:furniture:sale:carcashome:designfurniture"/>
    <file name="jquery.musepolyfill.bgsize.js" crc="4001026563" ref="index:statya1:statyavtoraya:statyatretya:aboutcompani:furniture:sale:carcashome:designfurniture"/>
    <file name="jquery.musemenu.js" crc="3765830709" ref="index:aboutcompani:furniture:sale:carcashome:designfurniture"/>
    <file name="webpro.js" crc="3986320349" ref="index:furniture:sale"/>
    <file name="form_check.php" crc="303648844" ref="index"/>
    <file name="form_throttle.php" crc="236764551" ref="index"/>
    <file name="form_process.php" crc="4272079531" ref="index"/>
    <file name="form-u8538.php" crc="3925456896" ref="index"/>
    <file name="musewpslideshow.js" crc="405464237" ref="index:furniture:sale"/>
    <file name="jquery.museoverlay.js" crc="305414130" ref="index:furniture:sale"/>
    <file name="touchswipe.js" crc="221459597" ref="index:furniture:sale"/>
    <file name="form-u5484.php" crc="509757977" ref="index"/>
    <file name="form-u13030.php" crc="130408912" ref="index"/>
    <file name="form-u7060.php" crc="4029694126" ref="index"/>
    <file name="form-u7176.php" crc="3830761626" ref="index"/>
    <file name="jquery.scrolleffects.js" crc="3801019579" ref="index:furniture:carcashome:designfurniture"/>
    <file name="html5shiv.js" crc="4241844378" ref="index:statya1:statyavtoraya:statyatretya:aboutcompani:furniture:sale:carcashome:designfurniture"/>
    <file name="require.js" crc="4159430777" ref="index:statya1:statyavtoraya:statyatretya:aboutcompani:furniture:sale:carcashome:designfurniture"/>
    <file name="form-u27093.php" crc="83181560" ref="furniture"/>
    <file name="form-u28921.php" crc="4116683431" ref="furniture"/>
    <file name="form-u30147.php" crc="4142846016" ref="furniture"/>
    <file name="form-u32116.php" crc="509876706" ref="sale"/>
  </folder>
  <folder name="images">
    <file name="econewlife-favicon.ico" crc="343496210" ref="index"/>
    <file name="econewlife_presssoloma_polya-soloma-tyuki-holmi.jpg" crc="450857260" ref="index"/>
    <file name="logoglav.png" crc="4088480857" seo="true" ref="index:statya1:statyavtoraya:statyatretya:aboutcompani:furniture:sale:carcashome:designfurniture"/>
    <file name="blank.gif" crc="4208392903" ref="index:furniture"/>
    <file name="1.jpg" crc="114980584" seo="true" ref="index:designfurniture"/>
    <file name="3572213_orig.jpg" crc="515019272" ref="index"/>
    <file name="econewlife_furniture_chest of drawers_12.jpg" crc="3951076476" ref="index"/>
    <file name="arrow-35383_640-1-u35300.png" crc="451836692" ref="index"/>
    <file name="arrow-35383_640-1-u35300-r.png" crc="3841502283" ref="index"/>
    <file name="econewlife_soloma_solompanel_tehnologia.jpg" crc="278178900" ref="index"/>
    <file name="vneshnyanya.jpg" crc="4250442263" ref="index"/>
    <file name="vnytr.jpg" crc="141181690" ref="index"/>
    <file name="zamens.jpg" crc="531653555" ref="index"/>
    <file name="gontovaya krusha.jpg" crc="3860832104" ref="index"/>
    <file name="gontovaya krusha130x98.jpg" crc="3817342462" seo="true" ref="index"/>
    <file name="kamushovaya krusha.jpg" crc="63803431" ref="index"/>
    <file name="kamushovaya krusha153x90.jpg" crc="420447630" seo="true" ref="index"/>
    <file name="slancovaya krusha.jpg" crc="132088745" ref="index"/>
    <file name="slancovaya krusha132x89.jpg" crc="338931471" seo="true" ref="index"/>
    <file name="12.jpg" crc="4113224352" seo="true" ref="index"/>
    <file name="2.jpg" crc="4201292531" seo="true" ref="index"/>
    <file name="3.jpg" crc="4000838159" seo="true" ref="index"/>
    <file name="4.jpg" crc="412042265" seo="true" ref="index"/>
    <file name="5.jpg" crc="520342062" seo="true" ref="index"/>
    <file name="6.jpg" crc="3986497626" seo="true" ref="index"/>
    <file name="7.jpg" crc="45084511" seo="true" ref="index"/>
    <file name="8.jpg" crc="3804894349" seo="true" ref="index"/>
    <file name="гонтовая крыша.jpg" crc="3860832104" ref="index"/>
    <file name="_bb7x3emcpq.jpg" crc="4130957069" seo="true" ref="index"/>
    <file name="42.jpg" crc="3981331224" seo="true" ref="index"/>
    <file name="32.jpg" crc="3917298827" seo="true" ref="index"/>
    <file name="22.jpg" crc="480225667" seo="true" ref="index"/>
    <file name="glinyanui pol.jpg" crc="3857605929" seo="true" ref="index"/>
    <file name="palybnuiparketdyb.jpg" crc="3928460697" seo="true" ref="index"/>
    <file name="palybnuiparketmodruna-crop-u34089.jpg" crc="4066858870" ref="index"/>
    <file name="palybnuiparketoreh-crop-u34093.jpg" crc="26668219" ref="index"/>
    <file name="palybnuiparketyasen.jpg" crc="461333014" seo="true" ref="index"/>
    <file name="vizyal kotedj.jpg" crc="4011446227" seo="true" ref="index"/>
    <file name="proekt.jpg" crc="3947159406" seo="true" ref="index"/>
    <file name="genplan.jpg" crc="133934464" seo="true" ref="index"/>
    <file name="vizyalnui domik.jpg" crc="3995081145" seo="true" ref="index"/>
    <file name="1etazh1d.jpg" crc="3983561665" seo="true" ref="index"/>
    <file name="2etazh1d.jpg" crc="4166642749" seo="true" ref="index"/>
    <file name="pr118.jpg" crc="3997957444" seo="true" ref="index"/>
    <file name="pr11.jpg" crc="3931114814" seo="true" ref="index"/>
    <file name="glavnaya kart.png" crc="3806602862" seo="true" ref="index"/>
    <file name="vizyal32.jpg" crc="3902921838" seo="true" ref="index"/>
    <file name="vizyal31.jpg" crc="4200462199" seo="true" ref="index"/>
    <file name="plandoma3.jpg" crc="14571888" seo="true" ref="index"/>
    <file name="loading.gif" crc="3815509949" ref="index:furniture"/>
    <file name="dscn2532.jpg" crc="32321790" seo="true" ref="index"/>
    <file name="dscn2535.jpg" crc="195448052" seo="true" ref="index"/>
    <file name="dscn2537.jpg" crc="3934532194" seo="true" ref="index"/>
    <file name="dscn2538.jpg" crc="3828902876" seo="true" ref="index"/>
    <file name="dscn2539.jpg" crc="163954564" seo="true" ref="index"/>
    <file name="dscn2551.jpg" crc="351973785" seo="true" ref="index"/>
    <file name="6yz9pebaews.jpg" crc="406040583" seo="true" ref="index"/>
    <file name="29072009402.jpg" crc="3935392001" seo="true" ref="index"/>
    <file name="img_3557.jpg" crc="32201033" seo="true" ref="index"/>
    <file name="img_5818.jpg" crc="188759306" seo="true" ref="index"/>
    <file name="img_5858.jpg" crc="4177281431" seo="true" ref="index"/>
    <file name="img_5884.jpg" crc="261193590" seo="true" ref="index"/>
    <file name="img_8663.jpg" crc="188166025" seo="true" ref="index"/>
    <file name="xffcqeperqm.jpg" crc="77560306" seo="true" ref="index"/>
    <file name="glavnaya kart-u13570.png" crc="3977423863" ref="index"/>
    <file name="dsc_1087.jpg" crc="3907232826" ref="index"/>
    <file name="sborka.jpg" crc="4240651082" ref="index"/>
    <file name="otdelka.jpg" crc="312211424" ref="index"/>
    <file name="semya.jpg" crc="3895452671" ref="index"/>
    <file name="writing-notes-idea-conference-large-u890-fr.jpg" crc="81026187" ref="index"/>
    <file name="1357912481_escrt.jpg" crc="194153280" ref="index"/>
    <file name="akula2.jpg" crc="4154116295" ref="index"/>
    <file name="statya1-favicon.ico" crc="343496210" ref="statya1"/>
    <file name="stena_derevo_doski_.jpg" crc="489224606" ref="statya1:statyavtoraya:statyatretya:aboutcompani:furniture:sale:carcashome:designfurniture"/>
    <file name="1k.jpg" crc="164255917" seo="true" ref="statya1"/>
    <file name="2k.jpg" crc="177877686" seo="true" ref="statya1"/>
    <file name="3k.jpg" crc="329155587" seo="true" ref="statya1"/>
    <file name="4k.jpg" crc="4003976953" seo="true" ref="statya1"/>
    <file name="statyavtoraya-favicon.ico" crc="343496210" ref="statyavtoraya"/>
    <file name="3stk.jpg" crc="265353605" ref="statyavtoraya"/>
    <file name="statyatretya-favicon.ico" crc="343496210" ref="statyatretya"/>
    <file name="aboutcompani-favicon.ico" crc="343496210" ref="aboutcompani"/>
    <file name="furniture-favicon.ico" crc="343496210" ref="furniture"/>
    <file name="dsc_0296-crop-u27402.jpg" crc="40942550" ref="furniture"/>
    <file name="dsc_0298.jpg" crc="23506558" seo="true" ref="furniture"/>
    <file name="dsc_0299.jpg" crc="3944916769" seo="true" ref="furniture"/>
    <file name="dsc_0300.jpg" crc="4279748459" seo="true" ref="furniture"/>
    <file name="dsc_0302.jpg" crc="490557645" seo="true" ref="furniture"/>
    <file name="dsc_0303.jpg" crc="4230814958" seo="true" ref="furniture"/>
    <file name="dsc_029660x55.jpg" crc="4123582637" seo="true" ref="furniture"/>
    <file name="dsc_029868x45.jpg" crc="4182127634" seo="true" ref="furniture"/>
    <file name="dsc_029964x45.jpg" crc="414376333" seo="true" ref="furniture"/>
    <file name="dsc_030072x45.jpg" crc="4289884423" seo="true" ref="furniture"/>
    <file name="dsc_0302-crop-u27739.jpg" crc="3803010952" ref="furniture"/>
    <file name="dsc_030368x45.jpg" crc="112504648" seo="true" ref="furniture"/>
    <file name="arrow-35383_640-1-u35314.png" crc="451836692" ref="furniture"/>
    <file name="arrow-35383_640-1-u35314-r.png" crc="3841502283" ref="furniture"/>
    <file name="dsc_0313.jpg" crc="100423666" seo="true" ref="furniture"/>
    <file name="dsc_0312.jpg" crc="3870118804" seo="true" ref="furniture"/>
    <file name="dsc_0315.jpg" crc="18468472" seo="true" ref="furniture"/>
    <file name="ds.jpg" crc="105668943" seo="true" ref="furniture"/>
    <file name="dsc_0307.jpg" crc="168387657" seo="true" ref="furniture"/>
    <file name="dsc_0311.jpg" crc="3764910578" seo="true" ref="furniture"/>
    <file name="dsc_031368x45.jpg" crc="4213259775" seo="true" ref="furniture"/>
    <file name="dsc_031268x45.jpg" crc="181577783" seo="true" ref="furniture"/>
    <file name="dsc_031560x47.jpg" crc="3901652370" seo="true" ref="furniture"/>
    <file name="ds-crop-u27812.jpg" crc="344387177" ref="furniture"/>
    <file name="dsc_0307-crop-u30838.jpg" crc="498831873" ref="furniture"/>
    <file name="dsc_031168x45.jpg" crc="4079213860" seo="true" ref="furniture"/>
    <file name="dsc_0304-crop-u28087.jpg" crc="3846602589" ref="furniture"/>
    <file name="dsc_0305.jpg" crc="29315197" seo="true" ref="furniture"/>
    <file name="dsc_0304-crop-u28075.jpg" crc="4083823473" ref="furniture"/>
    <file name="dsc_030568x45.jpg" crc="499666818" seo="true" ref="furniture"/>
    <file name="onek.jpg" crc="3843652373" seo="true" ref="furniture"/>
    <file name="fg1.jpg" crc="3856392809" seo="true" ref="furniture"/>
    <file name="onek60x45.jpg" crc="4017637307" seo="true" ref="furniture"/>
    <file name="fg1-crop-u28255.jpg" crc="222978467" ref="furniture"/>
    <file name="d2.jpg" crc="272766111" seo="true" ref="furniture"/>
    <file name="d21.jpg" crc="4045191451" seo="true" ref="furniture"/>
    <file name="twok.jpg" crc="85365905" seo="true" ref="furniture"/>
    <file name="d2-crop-u28433.jpg" crc="3928581032" ref="furniture"/>
    <file name="d2168x45.jpg" crc="170959628" seo="true" ref="furniture"/>
    <file name="twok68x45.jpg" crc="266585944" seo="true" ref="furniture"/>
    <file name="d3.jpg" crc="996719" seo="true" ref="furniture"/>
    <file name="threek.jpg" crc="99065745" seo="true" ref="furniture"/>
    <file name="d368x45.jpg" crc="4138844377" seo="true" ref="furniture"/>
    <file name="threek68x45.jpg" crc="237663519" seo="true" ref="furniture"/>
    <file name="econewlife_kitchen_furniture_4.jpg" crc="4220537544" seo="true" ref="furniture"/>
    <file name="econewlife_kitchen_furniture_41.jpg" crc="4253194818" seo="true" ref="furniture"/>
    <file name="econewlife_kitchen_furniture_42.jpg" crc="326428785" seo="true" ref="furniture"/>
    <file name="econewlife_kitchen_furniture_4-crop-u28793.jpg" crc="3761666138" ref="furniture"/>
    <file name="econewlife_kitchen_furniture_41-crop-u34618.jpg" crc="3904765427" ref="furniture"/>
    <file name="econewlife_kitchen_furniture_42-crop-u34638.jpg" crc="63213799" ref="furniture"/>
    <file name="onesp.jpg" crc="4188126729" seo="true" ref="furniture"/>
    <file name="img_0510.jpg" crc="421437406" seo="true" ref="furniture"/>
    <file name="img_0513.jpg" crc="3821498573" seo="true" ref="furniture"/>
    <file name="img_0503.jpg" crc="131574699" seo="true" ref="furniture"/>
    <file name="img_0504.jpg" crc="19632160" seo="true" ref="furniture"/>
    <file name="img_0506.jpg" crc="4283424695" seo="true" ref="furniture"/>
    <file name="img_0507.jpg" crc="3943796266" seo="true" ref="furniture"/>
    <file name="onesp-crop-u31367.jpg" crc="4027235050" ref="furniture"/>
    <file name="img_0510-crop-u31327.jpg" crc="408031959" ref="furniture"/>
    <file name="img_0513-crop-u31347.jpg" crc="3764897934" ref="furniture"/>
    <file name="img_0503-crop-u29344.jpg" crc="338938601" ref="furniture"/>
    <file name="img_0504-crop-u31267.jpg" crc="4071384763" ref="furniture"/>
    <file name="img_0506-crop-u31287.jpg" crc="3837217335" ref="furniture"/>
    <file name="img_0507-crop-u31307.jpg" crc="302440227" ref="furniture"/>
    <file name="dsc_5069.jpg" crc="3794251392" seo="true" ref="furniture"/>
    <file name="dsc_5076.jpg" crc="4152187873" seo="true" ref="furniture"/>
    <file name="fgsp2.jpg" crc="156903183" seo="true" ref="furniture"/>
    <file name="twosp.jpg" crc="4061335150" seo="true" ref="furniture"/>
    <file name="dsc_506968x45.jpg" crc="3960066411" seo="true" ref="furniture"/>
    <file name="dsc_507668x45.jpg" crc="4293532918" seo="true" ref="furniture"/>
    <file name="fgsp2-crop-u31477.jpg" crc="3948667118" ref="furniture"/>
    <file name="twosp68x45.jpg" crc="4237522040" seo="true" ref="furniture"/>
    <file name="one1.jpg" crc="311963481" seo="true" ref="furniture"/>
    <file name="img_9039.jpg" crc="393977288" seo="true" ref="furniture"/>
    <file name="img_9041.jpg" crc="3829260815" seo="true" ref="furniture"/>
    <file name="one168x45.jpg" crc="4208577715" seo="true" ref="furniture"/>
    <file name="img_903968x45.jpg" crc="4108663634" seo="true" ref="furniture"/>
    <file name="img_9041-crop-u31547.jpg" crc="8597703" ref="furniture"/>
    <file name="imgp1529.jpg" crc="4025516419" seo="true" ref="furniture"/>
    <file name="imgp1531.jpg" crc="3773778993" seo="true" ref="furniture"/>
    <file name="two2.jpg" crc="3929296740" seo="true" ref="furniture"/>
    <file name="imgp152960x45.jpg" crc="58154920" seo="true" ref="furniture"/>
    <file name="imgp153160x45.jpg" crc="3943261617" seo="true" ref="furniture"/>
    <file name="two260x45.jpg" crc="85568050" seo="true" ref="furniture"/>
    <file name="one.jpg" crc="4005501624" seo="true" ref="furniture"/>
    <file name="two.jpg" crc="324162942" seo="true" ref="furniture"/>
    <file name="three.jpg" crc="4044798744" seo="true" ref="furniture"/>
    <file name="four.jpg" crc="4218420079" seo="true" ref="furniture"/>
    <file name="five.jpg" crc="4288216398" seo="true" ref="furniture"/>
    <file name="dr5.jpg" crc="3960154204" seo="true" ref="furniture"/>
    <file name="dr51.jpg" crc="46623126" seo="true" ref="furniture"/>
    <file name="six.jpg" crc="3759008151" seo="true" ref="furniture"/>
    <file name="seven.jpg" crc="211386601" seo="true" ref="furniture"/>
    <file name="dr7.jpg" crc="408708306" seo="true" ref="furniture"/>
    <file name="eight.jpg" crc="3829231955" seo="true" ref="furniture"/>
    <file name="nine.jpg" crc="4013434777" seo="true" ref="furniture"/>
    <file name="one-crop-u31878.jpg" crc="161301621" ref="furniture"/>
    <file name="two-crop-u31958.jpg" crc="4083143792" ref="furniture"/>
    <file name="three-crop-u31938.jpg" crc="3806318251" ref="furniture"/>
    <file name="four60x45.jpg" crc="4125914600" seo="true" ref="furniture"/>
    <file name="five-crop-u31818.jpg" crc="431615049" ref="furniture"/>
    <file name="dr568x45.jpg" crc="4088878710" seo="true" ref="furniture"/>
    <file name="dr51-crop-u31778.jpg" crc="3999898326" ref="furniture"/>
    <file name="six-crop-u31918.jpg" crc="134035928" ref="furniture"/>
    <file name="seven-crop-u31898.jpg" crc="3937631036" ref="furniture"/>
    <file name="dr7-crop-u31758.jpg" crc="4056817214" ref="furniture"/>
    <file name="eight-crop-u31798.jpg" crc="159915563" ref="furniture"/>
    <file name="nine-crop-u31858.jpg" crc="4023857821" ref="furniture"/>
    <file name="sale-favicon.ico" crc="343496210" ref="sale"/>
    <file name="carcashome-favicon.ico" crc="343496210" ref="carcashome"/>
    <file name="arrow-35383_640-1-u35704.png" crc="451836692" ref="carcashome"/>
    <file name="arrow-35383_640-1-u35704-r.png" crc="3841502283" ref="carcashome"/>
    <file name="jyh.jpg" crc="3843272934" ref="carcashome"/>
    <file name="etot2.jpg" crc="3969263502" ref="carcashome"/>
    <file name="slider_011.jpg" crc="3930768174" ref="carcashome"/>
    <file name="podhouse0.jpg" crc="3899826716" ref="carcashome"/>
    <file name="23.jpg" crc="37201348" ref="carcashome"/>
    <file name="etot3.jpg" crc="187871540" ref="carcashome"/>
    <file name="screen shot.jpg" crc="4272263459" ref="carcashome"/>
    <file name="slider_09.jpg" crc="36329316" ref="carcashome"/>
    <file name="web61.jpg" crc="4164156238" ref="carcashome"/>
    <file name="designfurniture-favicon.ico" crc="343496210" ref="designfurniture"/>
    <file name="u36606.png" crc="3902423649" ref="designfurniture"/>
    <file name="u36606-r.png" crc="327381155" ref="designfurniture"/>
    <file name="6kopia.jpg" crc="245531538" ref="designfurniture"/>
    <file name="arrow-35383_640-1-u36597.png" crc="451836692" ref="designfurniture"/>
    <file name="arrow-35383_640-1-u36597-r.png" crc="3841502283" ref="designfurniture"/>
    <file name="13.jpg" crc="432879546" seo="true" ref="designfurniture"/>
    <file name="24.jpg" crc="126380623" seo="true" ref="designfurniture"/>
    <file name="33.jpg" crc="4226573213" seo="true" ref="designfurniture"/>
    <file name="52.jpg" crc="441695311" seo="true" ref="designfurniture"/>
    <file name="14.jpg" crc="4064033203" seo="true" ref="designfurniture"/>
    <file name="25.jpg" crc="292224391" seo="true" ref="designfurniture"/>
    <file name="34.jpg" crc="4043230180" seo="true" ref="designfurniture"/>
    <file name="43.jpg" crc="4237119693" seo="true" ref="designfurniture"/>
    <file name="53.jpg" crc="4029215778" seo="true" ref="designfurniture"/>
    <file name="15.jpg" crc="3818360537" seo="true" ref="designfurniture"/>
    <file name="26.jpg" crc="536785729" seo="true" ref="designfurniture"/>
    <file name="35.jpg" crc="321121751" seo="true" ref="designfurniture"/>
    <file name="44.jpg" crc="403679485" seo="true" ref="designfurniture"/>
    <file name="54.jpg" crc="3967291718" seo="true" ref="designfurniture"/>
    <file name="62.jpg" crc="527930272" seo="true" ref="designfurniture"/>
    <file name="72.jpg" crc="4101786456" seo="true" ref="designfurniture"/>
    <file name="82.jpg" crc="4169111831" seo="true" ref="designfurniture"/>
    <file name="9.jpg" crc="379637754" seo="true" ref="designfurniture"/>
    <file name="16.jpg" crc="4293569813" seo="true" ref="designfurniture"/>
    <file name="27.jpg" crc="298048804" seo="true" ref="designfurniture"/>
    <file name="36.jpg" crc="362448612" seo="true" ref="designfurniture"/>
    <file name="45.jpg" crc="347534372" seo="true" ref="designfurniture"/>
    <file name="55.jpg" crc="150219788" seo="true" ref="designfurniture"/>
    <file name="63.jpg" crc="4160609530" seo="true" ref="designfurniture"/>
    <file name="28.jpg" crc="3831867373" seo="true" ref="designfurniture"/>
    <file name="37.jpg" crc="4088390088" seo="true" ref="designfurniture"/>
    <file name="46.jpg" crc="40278890" seo="true" ref="designfurniture"/>
    <file name="56.jpg" crc="4012618236" seo="true" ref="designfurniture"/>
    <file name="64.jpg" crc="4114038711" seo="true" ref="designfurniture"/>
    <file name="17.jpg" crc="504194747" seo="true" ref="designfurniture"/>
    <file name="29.jpg" crc="3962507081" seo="true" ref="designfurniture"/>
    <file name="38.jpg" crc="4091013277" seo="true" ref="designfurniture"/>
    <file name="18.jpg" crc="283201083" seo="true" ref="designfurniture"/>
    <file name="210.jpg" crc="94529044" seo="true" ref="designfurniture"/>
    <file name="39.jpg" crc="4154734998" seo="true" ref="designfurniture"/>
    <file name="47.jpg" crc="451951054" seo="true" ref="designfurniture"/>
    <file name="57.jpg" crc="339484003" seo="true" ref="designfurniture"/>
    <file name="65.jpg" crc="227284392" seo="true" ref="designfurniture"/>
    <file name="19.jpg" crc="268028006" seo="true" ref="designfurniture"/>
    <file name="211.jpg" crc="206773852" seo="true" ref="designfurniture"/>
    <file name="310.jpg" crc="120814779" seo="true" ref="designfurniture"/>
    <file name="48.jpg" crc="85451818" seo="true" ref="designfurniture"/>
  </folder>
  <file name="index.html" crc="336302247" seo="true" mt="1486561601300" redirect="true"/>
  <file name="statya1.html" crc="4171191943" seo="true" mt="1486473688313" redirect="true"/>
  <file name="statyavtoraya.html" crc="216510596" seo="true" mt="1486473713802" redirect="true"/>
  <file name="statyatretya.html" crc="131076861" seo="true" mt="1486473728721" redirect="true"/>
  <file name="aboutcompani.html" crc="169927566" seo="true" mt="1486481805092" redirect="true"/>
  <file name="furniture.html" crc="4185487360" seo="true" mt="1486481841542" redirect="true"/>
  <file name="sale.html" crc="213128630" seo="true" mt="1486481731328" redirect="true"/>
  <file name="carcashome.html" crc="369573799" seo="true" mt="1486481755165" redirect="true"/>
  <file name="designfurniture.html" crc="218032127" seo="true" mt="1486481606733" redirect="true"/>
</manifest>